ORG,APARICIONS
adif alta velocidad,23
agència de desenvolupament del berguedà,47
agència de desenvolupament econòmic del garraf,9
agència tributària. delegació especial de catalunya,4
ajuntament d'abrera,346
ajuntament d'aguilar de segarra,47
ajuntament d'aiguafreda,85
ajuntament d'alella,236
ajuntament d'alpens,31
ajuntament d'arenys de mar,222
ajuntament d'arenys de mar. entitat pública empresarial ràdio arenys,10
ajuntament d'arenys de munt,245
"ajuntament d'arenys de munt. gestió urbanística i serveis arenys de munt, sau",1
ajuntament d'argentona,273
ajuntament d'argençola,69
ajuntament d'artés,213
ajuntament d'avinyonet del penedès,65
ajuntament d'avinyó,150
ajuntament d'avinyó. xarxa avinyó de telecomunicacions,4
ajuntament d'avià,91
ajuntament d'esparreguera,363
ajuntament d'esplugues de llobregat,285
ajuntament d'igualada,310
ajuntament d'igualada. organisme autònom municipal d'ensenyaments artístics,8
ajuntament d'olesa de bonesvalls,89
ajuntament d'olesa de montserrat,499
ajuntament d'olivella,160
ajuntament d'olost,111
ajuntament d'olvan,121
ajuntament d'olèrdola,146
ajuntament d'oristà,8
ajuntament d'orpí,36
ajuntament d'orís,140
ajuntament d'ullastrell,89
ajuntament d'òdena,156
ajuntament d'òrrius,45
ajuntament de badalona,518
"ajuntament de badalona. badalona comunicació, sa",1
"ajuntament de badalona. badalona cultura, sl",4
ajuntament de badalona. institut municipal de serveis personals,28
ajuntament de badalona. museu de badalona,6
ajuntament de badalona. patronat de la música de badalona,4
"ajuntament de badalona. reactivació badalona, sa",1
ajuntament de badia del vallès,292
ajuntament de bagà,156
ajuntament de balenyà,141
ajuntament de balsareny,120
ajuntament de barberà del vallès,466
ajuntament de barcelona,1528
"ajuntament de barcelona. barcelona d'infraestructures municipals, sa",753
"ajuntament de barcelona. barcelona de serveis municipals, sa",48
"ajuntament de barcelona. barcelona de serveis municipals, sa. parc d'atraccions del tibidabo, sa",4
"ajuntament de barcelona. cementiris de barcelona, sa",75
"ajuntament de barcelona. foment de ciutat, sa",7
ajuntament de barcelona. fundació barcelona zoo,2
"ajuntament de barcelona. informació i comunicació de barcelona, sa spm",7
ajuntament de barcelona. institut barcelona esports,41
ajuntament de barcelona. institut de cultura,181
ajuntament de barcelona. institut municipal d'educació,5
ajuntament de barcelona. institut municipal d'hisenda,28
ajuntament de barcelona. institut municipal d'informàtica,5
"ajuntament de barcelona. institut municipal d'urbanisme, epel",216
ajuntament de barcelona. institut municipal de l'habitatge i rehabilitació de barcelona,24
ajuntament de barcelona. institut municipal de mercats,95
ajuntament de barcelona. institut municipal de parcs i jardins,87
ajuntament de barcelona. institut municipal de persones amb discapacitat,10
ajuntament de barcelona. institut municipal de serveis socials,71
ajuntament de barcelona. institut municipal del paisatge urbà i la qualitat de vida,35
ajuntament de barcelona. junta arbitral de consum de barcelona,1
ajuntament de begues,185
ajuntament de bellprat,10
ajuntament de berga,401
"ajuntament de berga. brg, serveis mp, slu",15
ajuntament de bigues i riells del fai,203
ajuntament de borredà,54
ajuntament de cabrera d'anoia,64
ajuntament de cabrera de mar,175
ajuntament de cabrils,248
ajuntament de cabrils. organisme autònom escola bressol,6
ajuntament de calaf,177
ajuntament de calders,103
ajuntament de caldes d'estrac,224
ajuntament de caldes de montbui,419
ajuntament de calella,250
ajuntament de calldetenes,133
ajuntament de callús,82
ajuntament de calonge de segarra,63
ajuntament de campins,113
ajuntament de canet de mar,397
ajuntament de canovelles,253
ajuntament de canyelles,116
ajuntament de capellades,185
ajuntament de capolat,41
ajuntament de cardedeu,250
ajuntament de cardedeu. c10 serveis i manteniments sl,7
ajuntament de cardona,167
ajuntament de carme,67
ajuntament de casserres,88
ajuntament de castell de l'areny,30
ajuntament de castellar de n'hug,51
ajuntament de castellar del riu,18
ajuntament de castellar del vallès,443
ajuntament de castellbell i el vilar,166
ajuntament de castellbisbal,279
ajuntament de castellcir,77
ajuntament de castelldefels,625
ajuntament de castellet i la gornal,81
ajuntament de castellfollit de riubregós,31
ajuntament de castellfollit del boix,61
ajuntament de castellgalí,83
ajuntament de castellnou de bages,72
ajuntament de castellolí,95
ajuntament de castellterçol,108
ajuntament de castellví de la marca,132
ajuntament de castellví de rosanes,127
ajuntament de centelles,211
ajuntament de cercs,55
ajuntament de cercs. museu de les mines de cercs,3
ajuntament de cerdanyola del vallès,386
"ajuntament de cerdanyola del vallès. cerdanyola promocions municipals, slu",2
ajuntament de cervelló,284
ajuntament de collbató,313
ajuntament de collsuspina,34
ajuntament de copons,54
ajuntament de corbera de llobregat,179
ajuntament de cornellà de llobregat,331
ajuntament de cubelles,339
ajuntament de cànoves i samalús,90
ajuntament de dosrius,273
ajuntament de figaró-montmany,104
ajuntament de fogars de la selva,82
ajuntament de fogars de montclús,92
ajuntament de folgueroles,134
ajuntament de folgueroles. fundació jacint verdaguer,3
ajuntament de fonollosa,125
ajuntament de font-rubí,87
ajuntament de fígols,23
ajuntament de gaià,65
ajuntament de gallifa,55
ajuntament de gavà,494
"ajuntament de gavà. gavanenca de terrenys i immobles, sa",11
"ajuntament de gavà. prestació de serveis al ciutadà, sa",42
ajuntament de gelida,137
ajuntament de gelida. patronat municipal d'esports,3
ajuntament de gironella,137
ajuntament de gisclareny,30
ajuntament de granera,36
ajuntament de granollers,693
"ajuntament de granollers. granollers promocions, sa",1
"ajuntament de granollers. roca umbert, fàbrica de les arts, sl",2
ajuntament de gualba,109
ajuntament de guardiola de berguedà,46
ajuntament de gurb,135
ajuntament de jorba,123
ajuntament de l'ametlla del vallès,157
ajuntament de l'espunyola,61
ajuntament de l'esquirol,44
ajuntament de l'estany,57
ajuntament de l'hospitalet de llobregat,869
ajuntament de la garriga,423
ajuntament de la garriga. organisme autònom de mitjans de comunicació,3
ajuntament de la granada,50
ajuntament de la llacuna,58
ajuntament de la llagosta,211
ajuntament de la nou de berguedà,30
ajuntament de la palma de cervelló,73
ajuntament de la pobla de claramunt,114
ajuntament de la pobla de lillet,97
"ajuntament de la pobla de lillet. promoció econòmica lillet, sl",3
ajuntament de la quar,38
ajuntament de la roca del vallès,192
ajuntament de la torre de claramunt,157
ajuntament de les cabanyes,106
ajuntament de les franqueses del vallès,247
ajuntament de les franqueses del vallès. patronat municipal d'esports,8
"ajuntament de les franqueses del vallès. patronat municipal de cultura, educació, infància i joventut",31
ajuntament de les masies de roda,69
ajuntament de les masies de voltregà,148
ajuntament de llinars del vallès,226
"ajuntament de llinars del vallès. llinars cultural, slu",3
ajuntament de lliçà d'amunt,167
ajuntament de lliçà de vall,243
ajuntament de lluçà,52
ajuntament de malgrat de mar,219
ajuntament de malla,64
ajuntament de manlleu,312
ajuntament de manresa,690
"ajuntament de manresa. foment de la rehabilitació urbana de manresa, sa",3
ajuntament de marganell,54
ajuntament de martorell,225
"ajuntament de martorell. gestió del sòl, empresa municipal, sl",2
ajuntament de martorell. patronat municipal de serveis d'atenció a les persones,38
ajuntament de martorelles,153
"ajuntament de masnou. serveis urbans del masnou empresa municipal, sl",6
ajuntament de masquefa,207
ajuntament de matadepera,177
ajuntament de mataró,695
ajuntament de mataró. cementiris metropolitans,3
ajuntament de mataró. entitat pública empresarial mataró audiovisual,8
"ajuntament de mataró. promocions urbanístiques de mataró, sa",2
ajuntament de mediona,80
ajuntament de moià,209
"ajuntament de moià. societat municipal d'aigües de moià, sa",1
ajuntament de molins de rei,363
"ajuntament de molins de rei. molivers societat municipal, sl",12
ajuntament de mollet del vallès,307
ajuntament de mollet del vallès. fundació municipal joan abelló,1
ajuntament de mollet del vallès. institut municipal d'educació,1
ajuntament de mollet del vallès. institut municipal de serveis als discapacitats,1
ajuntament de monistrol de calders,57
ajuntament de monistrol de montserrat,182
ajuntament de montcada i reixac,203
ajuntament de montclar,45
ajuntament de montesquiu,78
ajuntament de montgat,237
ajuntament de montmajor,50
ajuntament de montmaneu,42
ajuntament de montmeló,204
ajuntament de montornès del vallès,390
ajuntament de montseny,110
ajuntament de muntanyola,48
ajuntament de mura,75
ajuntament de navarcles,221
ajuntament de navàs,152
"ajuntament de navàs. serveis municipals de navàs, slu",4
ajuntament de pacs del penedès,131
ajuntament de palafolls,400
ajuntament de palau-solità i plegamans,347
ajuntament de pallejà,277
ajuntament de parets del vallès,260
ajuntament de perafita,75
ajuntament de piera,181
"ajuntament de piera. industrial piera, sa",15
ajuntament de pineda de mar,220
ajuntament de polinyà,221
ajuntament de pontons,56
ajuntament de prats de lluçanès,150
ajuntament de premià de dalt,207
ajuntament de premià de mar,276
ajuntament de puig-reig,87
ajuntament de puigdàlber,57
ajuntament de pujalt,15
ajuntament de rajadell,59
ajuntament de rellinars,84
ajuntament de ripollet,307
ajuntament de roda de ter,159
ajuntament de rubió,39
ajuntament de rubí,544
"ajuntament de rubí. font del ferro, sl",1
"ajuntament de rubí. promocions urbanes de rubí, sa",10
ajuntament de rupit i pruit,82
ajuntament de sabadell,899
"ajuntament de sabadell. comunicacions audiovisuals de sabadell, slu",2
"ajuntament de sabadell. promoció econòmica de sabadell, sl",3
"ajuntament de sabadell. vimusa habitatges municipals de sabadell, sa",1
ajuntament de sagàs,22
ajuntament de saldes,58
ajuntament de sallent,229
ajuntament de sant adrià de besòs,385
"ajuntament de sant adrià del besòs. estacionaments urbans de sant adrià de besòs, sau",2
ajuntament de sant agustí de lluçanès,40
ajuntament de sant andreu de la barca,279
"ajuntament de sant andreu de la barca. sab-urbà, sl",2
ajuntament de sant andreu de llavaneres,353
ajuntament de sant antoni de vilamajor,232
ajuntament de sant bartomeu del grau,77
ajuntament de sant boi de llobregat,510
ajuntament de sant boi de lluçanès,49
ajuntament de sant cebrià de vallalta,143
ajuntament de sant celoni,304
ajuntament de sant climent de llobregat,131
ajuntament de sant cugat del vallès,630
ajuntament de sant cugat del vallès. entitat pública empresarial local epel cugat.cat,16
"ajuntament de sant cugat del vallès. institut de gestió estratègica, promoció econòmica i societat de la informació (igepesi)",4
ajuntament de sant cugat del vallès. organisme autònom centre cultural de sant cugat,13
ajuntament de sant cugat del vallès. patronat municipal d'educació,17
ajuntament de sant cugat del vallès. promusa,4
ajuntament de sant cugat sesgarrigues,116
ajuntament de sant esteve de palautordera,196
ajuntament de sant esteve sesrovires,257
ajuntament de sant feliu de codines,116
ajuntament de sant feliu de llobregat,291
ajuntament de sant feliu sasserra,37
ajuntament de sant fost de campsentelles,120
ajuntament de sant fruitós de bages,356
ajuntament de sant hipòlit de voltregà,108
ajuntament de sant iscle de vallalta,185
ajuntament de sant jaume de frontanyà,19
ajuntament de sant joan de vilatorrada,270
ajuntament de sant joan de vilatorrada. patronat municipal assistencial,15
ajuntament de sant joan despí,235
"ajuntament de sant joan despí. aparcamientos despí, sa",1
ajuntament de sant julià de cerdanyola,39
ajuntament de sant julià de vilatorta,94
ajuntament de sant just desvern,307
ajuntament de sant just desvern. promunsa,7
ajuntament de sant llorenç d'hortons,152
ajuntament de sant llorenç savall,117
ajuntament de sant martí d'albars,41
ajuntament de sant martí de centelles,60
ajuntament de sant martí de tous,92
ajuntament de sant martí sarroca,113
ajuntament de sant martí sesgueioles,27
ajuntament de sant mateu de bages,191
ajuntament de sant pere de ribes,372
ajuntament de sant pere de riudebitlles,125
ajuntament de sant pere de torelló,127
ajuntament de sant pere de vilamajor,154
ajuntament de sant pere sallavinera,84
ajuntament de sant pol de mar,147
ajuntament de sant quintí de mediona,95
ajuntament de sant quirze de besora,63
ajuntament de sant quirze del vallès,272
"ajuntament de sant quirze del vallès. sant quirze serveis municipals, sl",5
ajuntament de sant quirze safaja,54
ajuntament de sant sadurní d'anoia,344
ajuntament de sant sadurní d'osormort,41
ajuntament de sant salvador de guardiola,167
ajuntament de sant vicenç de castellet,319
ajuntament de sant vicenç de montalt,155
ajuntament de sant vicenç de torelló,138
ajuntament de sant vicenç dels horts,492
ajuntament de santa cecília de voltregà,40
ajuntament de santa coloma de cervelló,278
ajuntament de santa coloma de gramenet,410
"ajuntament de santa coloma de gramenet. grameimpuls, sa",21
"ajuntament de santa coloma de gramenet. gramepark, sa",4
ajuntament de santa coloma de gramenet. patronat municipal de la música,30
ajuntament de santa eugènia de berga,122
ajuntament de santa eulàlia de riuprimer,71
ajuntament de santa eulàlia de ronçana,159
ajuntament de santa fe del penedès,30
ajuntament de santa margarida de montbui,222
ajuntament de santa margarida i els monjos,263
ajuntament de santa maria d'oló,91
ajuntament de santa maria de besora,57
ajuntament de santa maria de martorelles,70
ajuntament de santa maria de merlès,16
ajuntament de santa maria de miralles,49
ajuntament de santa maria de palautordera,288
ajuntament de santa perpètua de mogoda,479
"ajuntament de santa perpètua de mogoda. mogoda serveis generals, sam",1
ajuntament de santa susanna,154
ajuntament de santpedor,140
ajuntament de sentmenat,142
ajuntament de seva,197
ajuntament de sitges,379
ajuntament de sobremunt,71
ajuntament de sora,68
ajuntament de subirats,282
ajuntament de súria,362
ajuntament de tagamanent,93
ajuntament de talamanca,62
ajuntament de taradell,198
ajuntament de tavertet,47
ajuntament de tavèrnoles,57
ajuntament de teià,214
ajuntament de terrassa,561
ajuntament de tiana,230
ajuntament de tona,238
ajuntament de tordera,403
ajuntament de torelló,366
ajuntament de torrelavit,83
ajuntament de torrelles de foix,96
ajuntament de torrelles de llobregat,152
ajuntament de vacarisses,146
ajuntament de vallbona d'anoia,101
ajuntament de vallcebre,55
ajuntament de vallgorguina,137
ajuntament de vallirana,242
ajuntament de vallromanes,87
ajuntament de veciana,42
ajuntament de vic,503
"ajuntament de vic. impulsvic, slu",4
ajuntament de vic. organisme autònom de fires i mercats,18
ajuntament de vic. organisme autònom local xarxa de serveis urbans,5
ajuntament de vilada,13
ajuntament de viladecans,409
"ajuntament de viladecans. spm viladecans mediterrània, sl",3
ajuntament de viladecavalls,217
ajuntament de vilafranca del penedès,305
ajuntament de vilalba sasserra,96
ajuntament de vilanova de sau,66
ajuntament de vilanova del camí,207
ajuntament de vilanova del vallès,203
ajuntament de vilanova i la geltrú,572
ajuntament de vilanova i la geltrú. companyia d'aigües de vilanova i la geltrú,1
ajuntament de vilanova i la geltrú. entitat pública empresarial local neàpolis,7
"ajuntament de vilanova i la geltrú. informació i comunicació de vilanova i la geltrú, s.a.m.",6
ajuntament de vilanova i la geltrú. institut municipal d'educació i treball,51
ajuntament de vilanova i la geltrú. institut municipal de patrimoni cultural,1
ajuntament de vilanova i la geltrú. organisme autònom de patrimoni víctor balaguer,3
ajuntament de vilanova i la geltrú. organisme autònom municipal d'assistència integral social i sanitària,17
"ajuntament de vilanova i la geltrú. serveis d'aparcaments de vilanova i la geltrú, societat anònima municipal",8
ajuntament de vilassar de dalt,388
"ajuntament de vilassar de dalt. vilassar de dalt aigües, epel- vida",10
"ajuntament de vilassar de dalt. viserma, serveis i manteniments, slu",9
ajuntament de vilassar de mar,211
ajuntament de vilassar de mar. patronat municipal d'escoles bressol,7
"ajuntament de vilassar de mar. societat municipal de promocions urbanes, sa",2
ajuntament de vilobí del penedès,53
ajuntament de viver i serrateix,20
ajuntament del bruc,214
ajuntament del brull,88
ajuntament del masnou,638
ajuntament del papiol,222
ajuntament del pla del penedès,55
ajuntament del pont de vilomara i rocafort,83
ajuntament del prat de llobregat,434
ajuntament dels hostalets de pierola,149
"ajuntament dels hostalets de pierola. hoserpi, sl",3
ajuntament dels prats de rei,65
asociación de propietarios del polígono industrial manso mateu de el prat de llobregat,3
associació pel desenvolupament rural de la catalunya central,3
audiència provincial de barcelona. oficina del jurat,1
audiència provincial de barcelona. secció 10a,4
audiència provincial de barcelona. secció 15a,4
autoritat portuària de barcelona,3
ayuntamiento de graus,1
"barcelona regional, agència de desenvolupament urbà, sa",1
cambra oficial de comerç i indústria de manresa,12
cambra oficial de comerç i indústria de sabadell,3
"cambra oficial de comerç, indústria i serveis de terrassa",12
"ccb serveis mediambientals, s.a.u.",12
col·legi d'administradors de finques de barcelona-lleida,2
col·legi notarial de catalunya,9
col·legi oficial d'infermeres i infermers de barcelona,13
comunitat d'usuaris d'aigües de la cubeta de sant andreu de la barca,4
comunitat d'usuaris d'aigües de la vall baixa i delta del llobregat,5
comunitat d'usuaris d'aigües subterrànies de la cubeta d'abrera,2
comunitat de regants de santa maria de palautordera,4
comunitat de regants del camí del rieral la ponderosa,3
consell comarcal d'osona,290
"consell comarcal d'osona. onaigua, epel",3
consell comarcal de l'alt penedès,215
consell comarcal de l'anoia,181
consell comarcal de la cerdanya,3
consell comarcal del bages,178
consell comarcal del bages. patronat del parc geològic i miner de la catalunya central,2
consell comarcal del baix llobregat,211
consell comarcal del berguedà,160
consell comarcal del garraf,168
consell comarcal del maresme,542
consell comarcal del moianès,127
consell comarcal del vallès occidental,181
consell comarcal del vallès oriental,192
consorci badalona sud,11
consorci besòs tordera,86
consorci campus diagonal-besòs,5
consorci català pel desenvolupament local,4
consorci d'atenció a la gent gran de callús,3
consorci d'educació de barcelona,5
consorci d'educació especial montserrat montero,29
"consorci d'estudis, mediació i conciliació a l'administració local",9
consorci d'osona de serveis socials,118
consorci de biblioteques de barcelona,31
consorci de gestió de l'aeròdrom general vives d'igualada-òdena,6
consorci de l'agència local d'energia de barcelona,15
consorci de l'auditori i l'orquestra,23
consorci de l'espai natural de les guilleries-savassona,18
consorci de l'habitatge de barcelona,60
consorci de l'habitatge de l'àrea metropolitana de barcelona,59
consorci de la colònia güell,4
"consorci de la vall del ges, orís i bisaura",62
consorci de les drassanes reials i museu marítim de barcelona,42
consorci de promoció turística costa del maresme,21
consorci de promoció turística del penedès,17
consorci de turisme del baix llobregat,15
consorci del bages per a la gestió de residus,62
consorci del barri de la mina,9
consorci del besòs,44
consorci del campus interuniversitari diagonal-besòs,5
consorci del centre de cultura contemporània de barcelona,37
consorci del centre de documentació i museu tèxtil de terrassa,30
consorci del lluçanès,52
consorci del mercat de les flors,19
consorci del museu de ciències naturals de barcelona,13
consorci del parc agrari del baix llobregat,21
consorci del parc de la serralada de marina,11
consorci del parc de la serralada litoral,20
consorci del parc del foix,9
consorci del parc natural de la serra de collserola,95
consorci del patrimoni de sitges,47
consorci del ter,21
consorci institut d'estudis regionals i metropolitans de barcelona,5
consorci institut de ciències polítiques i socials,21
consorci la tossa de montbui,5
consorci museu d'art contemporani de barcelona,17
consorci museu d'art contemporani de mataró,5
consorci per a l'impuls de serveis educatius i socials (cises),8
consorci per a la construcció i explotació de la quarta planta de tractament integral dels residus municipals de l'àrea metropolitana de barcelona,16
consorci per a la gestió de la televisió digital local pública de la demarcació d'igualada,6
consorci per a la gestió de residus del vallès occidental,46
consorci per a la gestió de residus del vallès oriental,77
consorci per a la gestió de residus urbans d'osona,16
consorci per a la gestió integral d'aigües de catalunya,26
consorci per a la promoció dels municipis del moianès,27
consorci per al tractament de residus sòlids urbans del maresme,48
consorci sociosanitari d'igualada,5
consorci sociosanitari de vilafranca del penedès,25
consorci teledigital garraf,7
consorci teledigital granollers,10
consorci teledigital mollet,6
"consorci transversal, xarxa d'activitats culturals de mataró",16
consorci universitari centre associat de la uned província de barcelona,1
consorci universitat internacional menéndez pelayo de barcelona. centre ernest lluch,21
consorci urbanístic can filuà,1
consorci urbanístic del centre direccional de cerdanyola del vallès,2
consorci urbanístic l'agulla,11
consorci urbanístic per al desenvolupament del sector eixample nord de vilanova i la geltrú,5
"creacció agència d'emprenedoria, innovació i coneixement, sl",31
delegació del govern a catalunya,2
delegació especial d'economia i hisenda de barcelona,2
demarcació de carreteres de l'estat a catalunya. barcelona,9
demarcació de costes a catalunya. barcelona,8
"depuradores d'osona, sl",12
diplocat,1
diputació de barcelona.  direcció de serveis de tecnologies i sistemes corporatius,4
diputació de barcelona. direcció de relacions internacionals,1
diputació de barcelona. direcció de relacions internacionals. oficina d'europa i estratègia internacional,2
diputació de barcelona. direcció de relacions internacionals. oficina de cooperació al desenvolupament,4
diputació de barcelona. direcció de serveis de cooperació local,132
diputació de barcelona. direcció de serveis de suport a la coordinació general,11
diputació de barcelona. direcció dels serveis de recursos humans,92
diputació de barcelona. direcció dels serveis de recursos humans. oficina d'accés i gestió de la contractació,80
diputació de barcelona. direcció dels serveis de recursos humans. oficina de prevenció de riscos laborals,1
diputació de barcelona. direcció dels serveis de recursos humans. servei d'administració de recursos humans,45
diputació de barcelona. direcció dels serveis de recursos humans. servei de relacions col·lectives i suport jurídic,15
diputació de barcelona. direcció dels serveis de recursos humans. subdirecció de planificació i selecció de recursos humans,322
diputació de barcelona. direcció dels serveis de secretaria,19
diputació de barcelona. gabinet d'innovació digital,6
diputació de barcelona. gabinet de premsa i comunicació. servei de premsa i xarxes socials,4
diputació de barcelona. gerència de serveis d'assistència al govern local,31
diputació de barcelona. gerència de serveis d'educació,1
diputació de barcelona. gerència de serveis d'espais naturals,8
"diputació de barcelona. gerència de serveis d'espais naturals. servei d'anàlisi i gestió territorial, inversions i obres",46
diputació de barcelona. gerència de serveis d'espais naturals. servei de gestió de parcs naturals,12
diputació de barcelona. gerència de serveis d'esports,7
diputació de barcelona. gerència de serveis d'igualtat i ciutadania,1
"diputació de barcelona. gerència de serveis d'igualtat i ciutadania. servei de convivència, diversitat i cicle de vida",20
diputació de barcelona. gerència de serveis d'igualtat i ciutadania. servei de polítiques d'igualtat,11
diputació de barcelona. gerència de serveis de biblioteques,1
diputació de barcelona. gerència de serveis de comerç,2
diputació de barcelona. gerència de serveis de cultura,29
diputació de barcelona. gerència de serveis de cultura. oficina de difusió artística,11
diputació de barcelona. gerència de serveis de cultura. oficina patrimoni cultural,2
diputació de barcelona. gerència de serveis de medi ambient,1
diputació de barcelona. gerència de serveis de medi ambient. oficina tècnica d'avaluació i gestió ambiental,9
diputació de barcelona. gerència de serveis de medi ambient. oficina tècnica d'educació i promoció ambiental,5
diputació de barcelona. gerència de serveis de medi ambient. oficina tècnica de canvi climàtic i sostenibilitat,27
diputació de barcelona. gerència de serveis de promoció econòmica i ocupació,2
diputació de barcelona. gerència de serveis de promoció econòmica i ocupació. oficina tècnica d'estratègies per al desenvolupament econòmic,2
diputació de barcelona. gerència de serveis de turisme. oficina tècnica de turisme,8
diputació de barcelona. gerència de serveis residencials d'estades temporals i respir,2
diputació de barcelona. intervenció general,2
diputació de barcelona. intervenció general. servei  d'assistència econòmicofinancera,3
diputació de barcelona. oficina d'estudis i recursos culturals,1
diputació de barcelona. oficina de patrimoni i gestió immobiliària,5
diputació de barcelona. oficina del pla jove,2
diputació de barcelona. oficina tècnica de parcs naturals,4
diputació de barcelona. oficina tècnica de prevenció municipal d'incendis forestals i desenvolupament agrari,5
diputació de barcelona. organisme autònom institut del teatre,45
diputació de barcelona. organisme de gestió tributària,333
diputació de barcelona. patronat d'apostes,1
diputació de barcelona. secretaria general,47
diputació de barcelona. servei d'acció social,1
diputació de barcelona. servei d'agenda 2030 i participació,2
diputació de barcelona. servei d'assistència econòmicofinancera,2
diputació de barcelona. servei de mercat de treball,3
diputació de barcelona. servei de planificació i avaluació,2
diputació de barcelona. servei de programació,75
diputació de barcelona. servei de salut pública,1
diputació de barcelona. servei de suport a les polítiques de consum,3
diputació de barcelona. subdirecció d'edificació,31
diputació de barcelona. subdirecció d'imatge corporativa i promoció institucional,7
diputació de barcelona. subdirecció de logística,1
diputació de barcelona. tresoreria,17
"diputació de barcelona. xarxa audiovisual local, sl",14
"diputació de barcelona. àrea d'educació, esports i joventut.",1
"diputació de barcelona. àrea d'educació, esports i joventut. gerència de serveis d'educació",18
diputació de barcelona. àrea d'igualtat i sostenibilitat social,4
diputació de barcelona. àrea d'igualtat i sostenibilitat social. gerència de serveis socials,22
diputació de barcelona. àrea d'igualtat i sostenibilitat social. servei de suport als serveis socials bàsics,5
diputació de barcelona. àrea d'igualtat i sostenibilitat social. servei de suport de programes socials,2
diputació de barcelona. àrea d'igualtat i sostenibilitat social. serveis d'atenció a la dependència i la vulnerabilitat social,2
diputació de barcelona. àrea d'infraestructures i espais naturals.,2
"diputació de barcelona. àrea d'infraestructures i espais naturals. gerència de serveis d'equipaments, infraestructures urbanes i patrimoni arquitectònic",5
"diputació de barcelona. àrea d'infraestructures i espais naturals. gerència de serveis d'habitatge, urbanisme i activitats",8
diputació de barcelona. àrea d'infraestructures i espais naturals. gerència de serveis d'infraestructures viàries i mobilitat,150
diputació de barcelona. àrea d'infraestructures i espais naturals. gerència de serveis d'infraestructures viàries i mobilitat. oficina tècnica de mobilitat i seguretat viària local,4
diputació de barcelona. àrea d'infraestructures i territori,6
"diputació de barcelona. àrea d'infraestructures i territori. gerència de serveis d'equipaments, infraestructures urbanes i patrimoni arquitectònic",2
diputació de barcelona. àrea d'infraestructures i territori. gerència de serveis d'infraestructures viàries i mobilitat,101
"diputació de barcelona. àrea de desenvolupament econòmic, turisme i comerç",2
diputació de barcelona. àrea de presidència,1
"diputació de barcelona. àrea de recursos humans, hisenda i serveis interns",1
"diputació de barcelona. àrea de sostenibilitat social, cicle de vida i comunitat. gerència de serveis socials",2
direcció provincial de la tresoreria general de la seguretat social de barcelona,7
dirección general de planificación y evaluación de la red ferroviaria,13
entitat de conservació de la urbanització mas gabana,1
entitat municipal descentralitzada de bellaterra,30
entitat municipal descentralitzada de sant martí de torroella,38
entitat municipal descentralitzada de sant miquel de balenyà,59
entitat municipal descentralitzada de valldoreix,169
entitat urbanística de conservació de la urbanització tres turons,1
estudio notarial mallorca 264,1
fraternitat muprespa. mútua d'accidents de treball i malalties professionals de la seguretat social núm. 275,1
fundació badalona capital europea del bàsquet,1
fundació barcelona institute of technology for the habitat,6
fundació cardona històrica,2
fundació museu picasso barcelona,3
fundació residència d'avis de la pobla de lillet,10
"funerària vilanova, sa - àltima",2
generalitat de catalunya. departament d'empresa i treball,596
gerència regional del cadastre a catalunya-barcelona,2
gestió integral cementiris de nomber sl,6
"gestió viària s.l, gestvià",1
"gicsa-gestió iniciatives cabrera, s.a.",2
institut nacional d'estadística. delegació provincial de barcelona. oficina del cens electoral,10
"instituto de vivienda, infraestructura y equipamiento de la defensa",1
junta central d'usuaris d'aigües de l'aqüífer carme-capellades,2
junta de compensació del polígon 1 del pla de millora urbana de l'illa la escocesa de barcelona,1
junta electoral de zona d'arenys de mar,9
junta electoral de zona d'igualada,11
junta electoral de zona de barcelona,14
junta electoral de zona de berga,9
junta electoral de zona de granollers,14
junta electoral de zona de l'hospitalet de llobregat,21
junta electoral de zona de manresa,20
junta electoral de zona de mataró,8
junta electoral de zona de sabadell,11
junta electoral de zona de sant feliu de llobregat,12
junta electoral de zona de terrassa,11
junta electoral de zona de vic,16
junta electoral de zona de vilafranca del penedès,13
junta electoral de zona de vilanova i la geltrú,12
junta electoral provincial de barcelona,67
jutjat contenciós administratiu núm. 3 de barcelona,2
jutjat contenciós administratiu núm. 5 de barcelona,1
jutjat d'instrucció núm. 18 de barcelona,82
jutjat d'instrucció núm. 24 de barcelona,189
jutjat d'instrucció núm. 25 de barcelona,410
jutjat d'instrucció núm. 27 de barcelona,173
jutjat d'instrucció núm. 28 de barcelona,255
jutjat d'instrucció núm. 29 de barcelona,407
jutjat d'instrucció núm. 30 de barcelona,1
jutjat d'instrucció núm. 8 de barcelona,84
jutjat de primera instància i instrucció núm. 2 de vilafranca del penedès,2
jutjat de primera instància i instrucció núm. 3 de rubí,1
jutjat de primera instància i instrucció núm. 5 de gavà,3
jutjat de primera instància i instrucció núm. 5 de rubí,19
jutjat de primera instància núm. 35 de barcelona,1
jutjat de vigilància penitenciària núm. 2 de catalunya,76
jutjat de vigilància penitenciària núm. 4 de catalunya,38
jutjat de vigilància penitenciària núm. 5 de catalunya,26
jutjat social núm. 1 de manresa,367
jutjat social núm. 1 de mataró,92
jutjat social núm. 1 de sabadell,365
jutjat social núm. 1 de terrassa,128
jutjat social núm. 12 de barcelona,241
jutjat social núm. 14 de barcelona,10
jutjat social núm. 2 de mataró,236
jutjat social núm. 2 de sabadell,505
jutjat social núm. 2 de terrassa,74
jutjat social núm. 20 de barcelona,183
jutjat social núm. 21 de barcelona,207
jutjat social núm. 24 de barcelona,146
jutjat social núm. 25 de barcelona,531
jutjat social núm. 26 de barcelona,493
jutjat social núm. 27 de barcelona,250
jutjat social núm. 3 de sabadell,410
jutjat social núm. 35 de barcelona,24
jutjat social núm. 4 de barcelona,65
jutjat social núm. 6 de barcelona,260
jutjat social núm. 7 de barcelona,158
jutjats socials de barcelona. equip transversal de reforç,3
mancomunitat d'aigües de merlès,7
mancomunitat de l'alt maresme per a la gestió de residus sòlids urbans i del medi ambient,21
mancomunitat de l'alta segarra,13
mancomunitat de la fontsanta,6
mancomunitat de municipis berguedans per a la biomassa,5
mancomunitat de municipis del bages per al sanejament,52
mancomunitat del bisaura i l'alt lluçanès,4
"mancomunitat dels municipis de premià de dalt, premià de mar i vilassar de dalt per a serveis de deixalleria",12
mancomunitat intermunicipal de cerdanyola del vallès-ripollet-montcada i reixac,1
"mancomunitat intermunicipal de l'anoia per a la recollida, gestió i reducció de residus",7
mancomunitat intermunicipal de la conca d'òdena,21
mancomunitat intermunicipal de la vall del tenes,38
mancomunitat intermunicipal de martorelles i santa maria de martorelles,3
mancomunitat intermunicipal de serveis anoia de ponent,4
"mancomunitat intermunicipal de serveis d'alella, el masnou i teià",17
mancomunitat intermunicipal del cardener,16
"mancomunitat intermunicipal voluntària dels municipis de navàs, montmajor, viver i serrateix, montclar i l'espunyola, per la prestació conjunta del servei d'abastament d'aigua en alta",2
mancomunitat intermunicipal voluntària la plana,129
mancomunitat la gavarresa,1
mancomunitat municipal can sellarès,1
mancomunitat penedès-garraf,84
mancomunitat per a l'atenció dels minusvàlids psíquics de la comarca de l'anoia,5
mancomunitat tegar del garraf,63
"mercats d'abastaments de barcelona, sa (mercabarna)",1
mugenat. mutua de accidentes de trabajo y enfermedades profesionales de la seguridad social número 10,2
notaria cristina requena torrecillas,1
notaria d'albert domingo castellà,1
notaria de josé antonio garcía vila,1
notaria de santiago gotor sánchez,1
organisme demo,1
real canal de la infanta doña luisa carlota de borbón,3
"recollida de residus d'osona, sl",1
secretaría general de transportes y movilidad. dirección general de aviación civil,1
"serveis municipals de sant esteve sesrovires, slu",1
subdelegació del govern a barcelona,14
"terrassa cicle de l'aigua, epel",4
"torra, sa, serveis funeraris de sabadell",25
"transports de barcelona, sa",51
"transports metropolitans de barcelona, sl",1
"transports metropolitans de barcelona. projectes i serveis de mobilitat, sa",4
tribunal de cuentas. sección de enjuiciamiento. departamento 1º,1
tribunal de cuentas. sección de enjuiciamiento. departamento 2º,4
tribunal de cuentas. sección de enjuiciamiento. departamento 3º,3
tribunal superior de justícia catalunya. secretaria,17
tribunal superior de justícia de catalunya. sala contenciosa administrativa. secció cinquena,1
"vallès oriental televisió, slu",16
àrea metropolitana de barcelona,703
"àrea metropolitana de barcelona. amb informació i serveis, sa",1
"àrea metropolitana de barcelona. ferrocarril metropolità de barcelona, sa",83
àrea metropolitana de barcelona. institut metropolità de promoció del sòl i gestió patrimonial,63
àrea metropolitana de barcelona. institut metropolità del taxi,14
